{"cameraMode":{"drawMode":0,"name":"Shaded","section":"Shading Mode"},"sceneLighting":true,"audioPlay":false,"sceneViewState":{"m_AlwaysRefresh":false,"showFog":true,"showSkybox":true,"showFlares":true,"showImageEffects":true,"showParticleSystems":true,"showVisualEffectGraphs":true,"m_FxEnabled":true},"in2DMode":false,"pivot":{"x":143.24661254882813,"y":7.031700611114502,"z":156.6919403076172},"rotation":{"x":0.12897953391075135,"y":-0.8046759366989136,"z":0.18953104317188264,"w":0.5476894974708557},"size":2.8033945560455324,"orthographic":false}